DXCC;ENTITY;160m;80m;40m;30m;20m;17m;15m;12m;10m
1;CANADA;MISSING;MISSING;MISSING;MISSING;MISSING;MISSING;MISSING;MISSING;MISSING
3;AFGHANISTAN;MISSING;MISSING;MISSING;MISSING;MISSING;MISSING;MISSING;MISSING;MISSING
4;AGALEGA & ST. BRANDON IS.;MISSING;MISSING;MISSING;MISSING;MISSING;MISSING;MISSING;MISSING;MISSING
5;ALAND IS.;MISSING;MISSING;MISSING;MISSING;MISSING;MISSING;MISSING;MISSING;MISSING
6;ALASKA;MISSING;MISSING;MISSING;MISSING;MISSING;MISSING;MISSING;MISSING;MISSING
7;ALBANIA;MISSING;MISSING;MISSING;MISSING;MISSING;MISSING;MISSING;MISSING;MISSING
9;AMERICAN SAMOA;MISSING;MISSING;MISSING;MISSING;MISSING;MISSING;MISSING;MISSING;MISSING
10;AMSTERDAM & ST. PAUL IS.;MISSING;MISSING;MISSING;MISSING;MISSING;MISSING;MISSING;MISSING;MISSING
11;ANDAMAN & NICOBAR IS.;MISSING;MISSING;MISSING;MISSING;MISSING;MISSING;MISSING;MISSING;MISSING
12;ANGUILLA;MISSING;MISSING;MISSING;MISSING;MISSING;MISSING;MISSING;MISSING;MISSING
13;ANTARCTICA;MISSING;MISSING;MISSING;MISSING;MISSING;MISSING;MISSING;MISSING;MISSING
14;ARMENIA;MISSING;MISSING;MISSING;MISSING;MISSING;MISSING;MISSING;MISSING;MISSING
15;ASIATIC RUSSIA;MISSING;MISSING;MISSING;MISSING;MISSING;MISSING;MISSING;MISSING;MISSING
16;NEW ZEALAND SUBANTARCTIC ISLANDS;MISSING;MISSING;MISSING;MISSING;MISSING;MISSING;MISSING;MISSING;MISSING
17;AVES I.;MISSING;MISSING;MISSING;MISSING;MISSING;MISSING;MISSING;MISSING;MISSING
18;AZERBAIJAN;MISSING;MISSING;MISSING;MISSING;MISSING;MISSING;MISSING;MISSING;MISSING
20;BAKER & HOWLAND IS.;MISSING;MISSING;MISSING;MISSING;MISSING;MISSING;MISSING;MISSING;MISSING
21;BALEARIC IS.;MISSING;MISSING;MISSING;MISSING;MISSING;MISSING;MISSING;MISSING;MISSING
22;PALAU;MISSING;MISSING;MISSING;MISSING;MISSING;MISSING;MISSING;MISSING;MISSING
24;BOUVET;MISSING;MISSING;MISSING;MISSING;MISSING;MISSING;MISSING;MISSING;MISSING
27;BELARUS;MISSING;MISSING;MISSING;MISSING;MISSING;MISSING;MISSING;MISSING;MISSING
29;CANARY IS.;MISSING;MISSING;MISSING;MISSING;MISSING;MISSING;MISSING;MISSING;MISSING
31;C. KIRIBATI (BRITISH PHOENIX IS.);MISSING;MISSING;MISSING;MISSING;MISSING;MISSING;MISSING;MISSING;MISSING
32;CEUTA & MELILLA;MISSING;MISSING;MISSING;MISSING;MISSING;MISSING;MISSING;MISSING;MISSING
33;CHAGOS IS.;MISSING;MISSING;MISSING;MISSING;MISSING;MISSING;MISSING;MISSING;MISSING
34;CHATHAM IS.;MISSING;MISSING;MISSING;MISSING;MISSING;MISSING;MISSING;MISSING;MISSING
35;CHRISTMAS I.;MISSING;MISSING;MISSING;MISSING;MISSING;MISSING;MISSING;MISSING;MISSING
36;CLIPPERTON I.;MISSING;MISSING;MISSING;MISSING;MISSING;MISSING;MISSING;MISSING;MISSING
37;COCOS I.;MISSING;MISSING;MISSING;MISSING;MISSING;MISSING;MISSING;MISSING;MISSING
38;COCOS (KEELING) IS.;MISSING;MISSING;MISSING;MISSING;MISSING;MISSING;MISSING;MISSING;MISSING
40;CRETE;MISSING;MISSING;MISSING;MISSING;MISSING;MISSING;MISSING;MISSING;MISSING
41;CROZET I.;MISSING;MISSING;MISSING;MISSING;MISSING;MISSING;MISSING;MISSING;MISSING
43;DESECHEO I.;MISSING;MISSING;MISSING;MISSING;MISSING;MISSING;MISSING;MISSING;MISSING
45;DODECANESE;MISSING;MISSING;MISSING;MISSING;MISSING;MISSING;MISSING;MISSING;MISSING
46;EAST MALAYSIA;MISSING;MISSING;MISSING;MISSING;MISSING;MISSING;MISSING;MISSING;MISSING
47;EASTER I.;MISSING;MISSING;MISSING;MISSING;MISSING;MISSING;MISSING;MISSING;MISSING
48;E. KIRIBATI (LINE IS.);MISSING;MISSING;MISSING;MISSING;MISSING;MISSING;MISSING;MISSING;MISSING
49;EQUATORIAL GUINEA;MISSING;MISSING;MISSING;MISSING;MISSING;MISSING;MISSING;MISSING;MISSING
50;MEXICO;MISSING;MISSING;MISSING;MISSING;MISSING;MISSING;MISSING;MISSING;MISSING
51;ERITREA;MISSING;MISSING;MISSING;MISSING;MISSING;MISSING;MISSING;MISSING;MISSING
52;ESTONIA;MISSING;MISSING;MISSING;MISSING;MISSING;MISSING;MISSING;MISSING;MISSING
53;ETHIOPIA;MISSING;MISSING;MISSING;MISSING;MISSING;MISSING;MISSING;MISSING;MISSING
54;EUROPEAN RUSSIA;MISSING;MISSING;MISSING;MISSING;MISSING;MISSING;MISSING;MISSING;MISSING
56;FERNANDO DE NORONHA;MISSING;MISSING;MISSING;MISSING;MISSING;MISSING;MISSING;MISSING;MISSING
60;BAHAMAS;MISSING;MISSING;MISSING;MISSING;MISSING;MISSING;MISSING;MISSING;MISSING
61;FRANZ JOSEF LAND;MISSING;MISSING;MISSING;MISSING;MISSING;MISSING;MISSING;MISSING;MISSING
62;BARBADOS;MISSING;MISSING;MISSING;MISSING;MISSING;MISSING;MISSING;MISSING;MISSING
63;FRENCH GUIANA;MISSING;MISSING;MISSING;MISSING;MISSING;MISSING;MISSING;MISSING;MISSING
64;BERMUDA;MISSING;MISSING;MISSING;MISSING;MISSING;MISSING;MISSING;MISSING;MISSING
65;BRITISH VIRGIN IS.;MISSING;MISSING;MISSING;MISSING;MISSING;MISSING;MISSING;MISSING;MISSING
66;BELIZE;MISSING;MISSING;MISSING;MISSING;MISSING;MISSING;MISSING;MISSING;MISSING
69;CAYMAN IS.;MISSING;MISSING;MISSING;MISSING;MISSING;MISSING;MISSING;MISSING;MISSING
70;CUBA;MISSING;MISSING;MISSING;MISSING;MISSING;MISSING;MISSING;MISSING;MISSING
71;GALAPAGOS IS.;MISSING;MISSING;MISSING;MISSING;MISSING;MISSING;MISSING;MISSING;MISSING
72;DOMINICAN REPUBLIC;MISSING;MISSING;MISSING;MISSING;MISSING;MISSING;MISSING;MISSING;MISSING
74;EL SALVADOR;MISSING;MISSING;MISSING;MISSING;MISSING;MISSING;MISSING;MISSING;MISSING
75;GEORGIA;MISSING;MISSING;MISSING;MISSING;MISSING;MISSING;MISSING;MISSING;MISSING
76;GUATEMALA;MISSING;MISSING;MISSING;MISSING;MISSING;MISSING;MISSING;MISSING;MISSING
77;GRENADA;MISSING;MISSING;MISSING;MISSING;MISSING;MISSING;MISSING;MISSING;MISSING
78;HAITI;MISSING;MISSING;MISSING;MISSING;MISSING;MISSING;MISSING;MISSING;MISSING
79;GUADELOUPE;MISSING;MISSING;MISSING;MISSING;MISSING;MISSING;MISSING;MISSING;MISSING
80;HONDURAS;MISSING;MISSING;MISSING;MISSING;MISSING;MISSING;MISSING;MISSING;MISSING
82;JAMAICA;MISSING;MISSING;MISSING;MISSING;MISSING;MISSING;MISSING;MISSING;MISSING
84;MARTINIQUE;MISSING;MISSING;MISSING;MISSING;MISSING;MISSING;MISSING;MISSING;MISSING
86;NICARAGUA;MISSING;MISSING;MISSING;MISSING;MISSING;MISSING;MISSING;MISSING;MISSING
88;PANAMA;MISSING;MISSING;MISSING;MISSING;MISSING;MISSING;MISSING;MISSING;MISSING
89;TURKS & CAICOS IS.;MISSING;MISSING;MISSING;MISSING;MISSING;MISSING;MISSING;MISSING;MISSING
90;TRINIDAD & TOBAGO;MISSING;MISSING;MISSING;MISSING;MISSING;MISSING;MISSING;MISSING;MISSING
91;ARUBA;MISSING;MISSING;MISSING;MISSING;MISSING;MISSING;MISSING;MISSING;MISSING
94;ANTIGUA & BARBUDA;MISSING;MISSING;MISSING;MISSING;MISSING;MISSING;MISSING;MISSING;MISSING
95;DOMINICA;MISSING;MISSING;MISSING;MISSING;MISSING;MISSING;MISSING;MISSING;MISSING
96;MONTSERRAT;MISSING;MISSING;MISSING;MISSING;MISSING;MISSING;MISSING;MISSING;MISSING
97;ST. LUCIA;MISSING;MISSING;MISSING;MISSING;MISSING;MISSING;MISSING;MISSING;MISSING
98;ST. VINCENT;MISSING;MISSING;MISSING;MISSING;MISSING;MISSING;MISSING;MISSING;MISSING
99;GLORIOSO IS.;MISSING;MISSING;MISSING;MISSING;MISSING;MISSING;MISSING;MISSING;MISSING
100;ARGENTINA;MISSING;MISSING;MISSING;MISSING;MISSING;MISSING;MISSING;MISSING;MISSING
103;GUAM;MISSING;MISSING;MISSING;MISSING;MISSING;MISSING;MISSING;MISSING;MISSING
104;BOLIVIA;MISSING;MISSING;MISSING;MISSING;MISSING;MISSING;MISSING;MISSING;MISSING
105;GUANTANAMO BAY;MISSING;MISSING;MISSING;MISSING;MISSING;MISSING;MISSING;MISSING;MISSING
106;GUERNSEY;MISSING;MISSING;MISSING;MISSING;MISSING;MISSING;MISSING;MISSING;MISSING
107;GUINEA;MISSING;MISSING;MISSING;MISSING;MISSING;MISSING;MISSING;MISSING;MISSING
108;BRAZIL;MISSING;MISSING;MISSING;MISSING;MISSING;MISSING;MISSING;MISSING;MISSING
109;GUINEA-BISSAU;MISSING;MISSING;MISSING;MISSING;MISSING;MISSING;MISSING;MISSING;MISSING
110;HAWAII;MISSING;MISSING;MISSING;MISSING;MISSING;MISSING;MISSING;MISSING;MISSING
111;HEARD I.;MISSING;MISSING;MISSING;MISSING;MISSING;MISSING;MISSING;MISSING;MISSING
112;CHILE;MISSING;MISSING;MISSING;MISSING;MISSING;MISSING;MISSING;MISSING;MISSING
114;ISLE OF MAN;MISSING;MISSING;MISSING;MISSING;MISSING;MISSING;MISSING;MISSING;MISSING
116;COLOMBIA;MISSING;MISSING;MISSING;MISSING;MISSING;MISSING;MISSING;MISSING;MISSING
117;ITU HQ;MISSING;MISSING;MISSING;MISSING;MISSING;MISSING;MISSING;MISSING;MISSING
118;JAN MAYEN;MISSING;MISSING;MISSING;MISSING;MISSING;MISSING;MISSING;MISSING;MISSING
120;ECUADOR;MISSING;MISSING;MISSING;MISSING;MISSING;MISSING;MISSING;MISSING;MISSING
122;JERSEY;MISSING;MISSING;MISSING;MISSING;MISSING;MISSING;MISSING;MISSING;MISSING
123;JOHNSTON I.;MISSING;MISSING;MISSING;MISSING;MISSING;MISSING;MISSING;MISSING;MISSING
124;JUAN DE NOVA, EUROPA;MISSING;MISSING;MISSING;MISSING;MISSING;MISSING;MISSING;MISSING;MISSING
125;JUAN FERNANDEZ IS.;MISSING;MISSING;MISSING;MISSING;MISSING;MISSING;MISSING;MISSING;MISSING
126;KALININGRAD;MISSING;MISSING;MISSING;MISSING;MISSING;MISSING;MISSING;MISSING;MISSING
129;GUYANA;MISSING;MISSING;MISSING;MISSING;MISSING;MISSING;MISSING;MISSING;MISSING
130;KAZAKHSTAN;MISSING;MISSING;MISSING;MISSING;MISSING;MISSING;MISSING;MISSING;MISSING
131;KERGUELEN IS.;MISSING;MISSING;MISSING;MISSING;MISSING;MISSING;MISSING;MISSING;MISSING
132;PARAGUAY;MISSING;MISSING;MISSING;MISSING;MISSING;MISSING;MISSING;MISSING;MISSING
133;KERMADEC IS.;MISSING;MISSING;MISSING;MISSING;MISSING;MISSING;MISSING;MISSING;MISSING
135;KYRGYZSTAN;MISSING;MISSING;MISSING;MISSING;MISSING;MISSING;MISSING;MISSING;MISSING
136;PERU;MISSING;MISSING;MISSING;MISSING;MISSING;MISSING;MISSING;MISSING;MISSING
137;REPUBLIC OF KOREA;MISSING;MISSING;MISSING;MISSING;MISSING;MISSING;MISSING;MISSING;MISSING
138;KURE I.;MISSING;MISSING;MISSING;MISSING;MISSING;MISSING;MISSING;MISSING;MISSING
140;SURINAME;MISSING;MISSING;MISSING;MISSING;MISSING;MISSING;MISSING;MISSING;MISSING
141;FALKLAND IS.;MISSING;MISSING;MISSING;MISSING;MISSING;MISSING;MISSING;MISSING;MISSING
142;LAKSHADWEEP IS.;MISSING;MISSING;MISSING;MISSING;MISSING;MISSING;MISSING;MISSING;MISSING
143;LAOS;MISSING;MISSING;MISSING;MISSING;MISSING;MISSING;MISSING;MISSING;MISSING
144;URUGUAY;MISSING;MISSING;MISSING;MISSING;MISSING;MISSING;MISSING;MISSING;MISSING
145;LATVIA;MISSING;MISSING;MISSING;MISSING;MISSING;MISSING;MISSING;MISSING;MISSING
146;LITHUANIA;MISSING;MISSING;MISSING;MISSING;MISSING;MISSING;MISSING;MISSING;MISSING
147;LORD HOWE I.;MISSING;MISSING;MISSING;MISSING;MISSING;MISSING;MISSING;MISSING;MISSING
148;VENEZUELA;MISSING;MISSING;MISSING;MISSING;MISSING;MISSING;MISSING;MISSING;MISSING
149;AZORES;MISSING;MISSING;MISSING;MISSING;MISSING;MISSING;MISSING;MISSING;MISSING
150;AUSTRALIA;MISSING;MISSING;MISSING;MISSING;MISSING;MISSING;MISSING;MISSING;MISSING
152;MACAO;MISSING;MISSING;MISSING;MISSING;MISSING;MISSING;MISSING;MISSING;MISSING
153;MACQUARIE I.;MISSING;MISSING;MISSING;MISSING;MISSING;MISSING;MISSING;MISSING;MISSING
157;NAURU;MISSING;MISSING;MISSING;MISSING;MISSING;MISSING;MISSING;MISSING;MISSING
158;VANUATU;MISSING;MISSING;MISSING;MISSING;MISSING;MISSING;MISSING;MISSING;MISSING
159;MALDIVES;MISSING;MISSING;MISSING;MISSING;MISSING;MISSING;MISSING;MISSING;MISSING
160;TONGA;MISSING;MISSING;MISSING;MISSING;MISSING;MISSING;MISSING;MISSING;MISSING
161;MALPELO I.;MISSING;MISSING;MISSING;MISSING;MISSING;MISSING;MISSING;MISSING;MISSING
162;NEW CALEDONIA;MISSING;MISSING;MISSING;MISSING;MISSING;MISSING;MISSING;MISSING;MISSING
163;PAPUA NEW GUINEA;MISSING;MISSING;MISSING;MISSING;MISSING;MISSING;MISSING;MISSING;MISSING
165;MAURITIUS;MISSING;MISSING;MISSING;MISSING;MISSING;MISSING;MISSING;MISSING;MISSING
166;MARIANA IS.;MISSING;MISSING;MISSING;MISSING;MISSING;MISSING;MISSING;MISSING;MISSING
167;MARKET REEF;MISSING;MISSING;MISSING;MISSING;MISSING;MISSING;MISSING;MISSING;MISSING
168;MARSHALL IS.;MISSING;MISSING;MISSING;MISSING;MISSING;MISSING;MISSING;MISSING;MISSING
169;MAYOTTE;MISSING;MISSING;MISSING;MISSING;MISSING;MISSING;MISSING;MISSING;MISSING
170;NEW ZEALAND;MISSING;MISSING;MISSING;MISSING;MISSING;MISSING;MISSING;MISSING;MISSING
171;MELLISH REEF;MISSING;MISSING;MISSING;MISSING;MISSING;MISSING;MISSING;MISSING;MISSING
172;PITCAIRN I.;MISSING;MISSING;MISSING;MISSING;MISSING;MISSING;MISSING;MISSING;MISSING
173;MICRONESIA;MISSING;MISSING;MISSING;MISSING;MISSING;MISSING;MISSING;MISSING;MISSING
174;MIDWAY I.;MISSING;MISSING;MISSING;MISSING;MISSING;MISSING;MISSING;MISSING;MISSING
175;FRENCH POLYNESIA;MISSING;MISSING;MISSING;MISSING;MISSING;MISSING;MISSING;MISSING;MISSING
176;FIJI;MISSING;MISSING;MISSING;MISSING;MISSING;MISSING;MISSING;MISSING;MISSING
177;MINAMI TORISHIMA;MISSING;MISSING;MISSING;MISSING;MISSING;MISSING;MISSING;MISSING;MISSING
179;MOLDOVA;MISSING;MISSING;MISSING;MISSING;MISSING;MISSING;MISSING;MISSING;MISSING
180;MOUNT ATHOS;MISSING;MISSING;MISSING;MISSING;MISSING;MISSING;MISSING;MISSING;MISSING
181;MOZAMBIQUE;MISSING;MISSING;MISSING;MISSING;MISSING;MISSING;MISSING;MISSING;MISSING
182;NAVASSA I.;MISSING;MISSING;MISSING;MISSING;MISSING;MISSING;MISSING;MISSING;MISSING
185;SOLOMON IS.;MISSING;MISSING;MISSING;MISSING;MISSING;MISSING;MISSING;MISSING;MISSING
187;NIGER;MISSING;MISSING;MISSING;MISSING;MISSING;MISSING;MISSING;MISSING;MISSING
188;NIUE;MISSING;MISSING;MISSING;MISSING;MISSING;MISSING;MISSING;MISSING;MISSING
189;NORFOLK I.;MISSING;MISSING;MISSING;MISSING;MISSING;MISSING;MISSING;MISSING;MISSING
190;SAMOA;MISSING;MISSING;MISSING;MISSING;MISSING;MISSING;MISSING;MISSING;MISSING
191;NORTH COOK IS.;MISSING;MISSING;MISSING;MISSING;MISSING;MISSING;MISSING;MISSING;MISSING
192;OGASAWARA;MISSING;MISSING;MISSING;MISSING;MISSING;MISSING;MISSING;MISSING;MISSING
195;ANNOBON I.;MISSING;MISSING;MISSING;MISSING;MISSING;MISSING;MISSING;MISSING;MISSING
197;PALMYRA & JARVIS IS.;MISSING;MISSING;MISSING;MISSING;MISSING;MISSING;MISSING;MISSING;MISSING
199;PETER 1 I.;MISSING;MISSING;MISSING;MISSING;MISSING;MISSING;MISSING;MISSING;MISSING
201;PRINCE EDWARD & MARION IS.;MISSING;MISSING;MISSING;MISSING;MISSING;MISSING;MISSING;MISSING;MISSING
202;PUERTO RICO;MISSING;MISSING;MISSING;MISSING;MISSING;MISSING;MISSING;MISSING;MISSING
203;ANDORRA;MISSING;MISSING;MISSING;MISSING;MISSING;MISSING;MISSING;MISSING;MISSING
204;REVILLAGIGEDO;MISSING;MISSING;MISSING;MISSING;MISSING;MISSING;MISSING;MISSING;MISSING
205;ASCENSION I.;MISSING;MISSING;MISSING;MISSING;MISSING;MISSING;MISSING;MISSING;MISSING
206;AUSTRIA;MISSING;MISSING;MISSING;MISSING;MISSING;MISSING;MISSING;MISSING;MISSING
207;RODRIGUEZ I.;MISSING;MISSING;MISSING;MISSING;MISSING;MISSING;MISSING;MISSING;MISSING
209;BELGIUM;MISSING;MISSING;MISSING;MISSING;MISSING;MISSING;MISSING;MISSING;MISSING
211;SABLE I.;MISSING;MISSING;MISSING;MISSING;MISSING;MISSING;MISSING;MISSING;MISSING
212;BULGARIA;MISSING;MISSING;MISSING;MISSING;MISSING;MISSING;MISSING;MISSING;MISSING
213;SAINT MARTIN;MISSING;MISSING;MISSING;MISSING;MISSING;MISSING;MISSING;MISSING;MISSING
214;CORSICA;MISSING;MISSING;MISSING;MISSING;MISSING;MISSING;MISSING;MISSING;MISSING
215;CYPRUS;MISSING;MISSING;MISSING;MISSING;MISSING;MISSING;MISSING;MISSING;MISSING
216;SAN ANDRES & PROVIDENCIA;MISSING;MISSING;MISSING;MISSING;MISSING;MISSING;MISSING;MISSING;MISSING
217;SAN FELIX & SAN AMBROSIO;MISSING;MISSING;MISSING;MISSING;MISSING;MISSING;MISSING;MISSING;MISSING
219;SAO TOME & PRINCIPE;MISSING;MISSING;MISSING;MISSING;MISSING;MISSING;MISSING;MISSING;MISSING
221;DENMARK;MISSING;MISSING;MISSING;MISSING;MISSING;MISSING;MISSING;MISSING;MISSING
222;FAROE IS.;MISSING;MISSING;MISSING;MISSING;MISSING;MISSING;MISSING;MISSING;MISSING
223;ENGLAND;MISSING;MISSING;MISSING;MISSING;MISSING;MISSING;MISSING;MISSING;MISSING
224;FINLAND;MISSING;MISSING;MISSING;MISSING;MISSING;MISSING;MISSING;MISSING;MISSING
225;SARDINIA;MISSING;MISSING;MISSING;MISSING;MISSING;MISSING;MISSING;MISSING;MISSING
227;FRANCE;MISSING;MISSING;MISSING;MISSING;MISSING;MISSING;MISSING;MISSING;MISSING
230;FEDERAL REPUBLIC OF GERMANY;MISSING;MISSING;MISSING;MISSING;MISSING;MISSING;MISSING;MISSING;MISSING
232;SOMALIA;MISSING;MISSING;MISSING;MISSING;MISSING;MISSING;MISSING;MISSING;MISSING
233;GIBRALTAR;MISSING;MISSING;MISSING;MISSING;MISSING;MISSING;MISSING;MISSING;MISSING
234;SOUTH COOK IS.;MISSING;MISSING;MISSING;MISSING;MISSING;MISSING;MISSING;MISSING;MISSING
235;SOUTH GEORGIA I.;MISSING;MISSING;MISSING;MISSING;MISSING;MISSING;MISSING;MISSING;MISSING
236;GREECE;MISSING;MISSING;MISSING;MISSING;MISSING;MISSING;MISSING;MISSING;MISSING
237;GREENLAND;MISSING;MISSING;MISSING;MISSING;MISSING;MISSING;MISSING;MISSING;MISSING
238;SOUTH ORKNEY IS.;MISSING;MISSING;MISSING;MISSING;MISSING;MISSING;MISSING;MISSING;MISSING
239;HUNGARY;MISSING;MISSING;MISSING;MISSING;MISSING;MISSING;MISSING;MISSING;MISSING
240;SOUTH SANDWICH IS.;MISSING;MISSING;MISSING;MISSING;MISSING;MISSING;MISSING;MISSING;MISSING
241;SOUTH SHETLAND IS.;MISSING;MISSING;MISSING;MISSING;MISSING;MISSING;MISSING;MISSING;MISSING
242;ICELAND;MISSING;MISSING;MISSING;MISSING;MISSING;MISSING;MISSING;MISSING;MISSING
245;IRELAND;MISSING;MISSING;MISSING;MISSING;MISSING;MISSING;MISSING;MISSING;MISSING
246;SOVEREIGN MILITARY ORDER OF MALTA;MISSING;MISSING;MISSING;MISSING;MISSING;MISSING;MISSING;MISSING;MISSING
247;SPRATLY IS.;MISSING;MISSING;MISSING;MISSING;MISSING;MISSING;MISSING;MISSING;MISSING
248;ITALY;MISSING;MISSING;MISSING;MISSING;MISSING;MISSING;MISSING;MISSING;MISSING
249;ST. KITTS & NEVIS;MISSING;MISSING;MISSING;MISSING;MISSING;MISSING;MISSING;MISSING;MISSING
250;ST. HELENA;MISSING;MISSING;MISSING;MISSING;MISSING;MISSING;MISSING;MISSING;MISSING
251;LIECHTENSTEIN;MISSING;MISSING;MISSING;MISSING;MISSING;MISSING;MISSING;MISSING;MISSING
252;ST. PAUL I.;MISSING;MISSING;MISSING;MISSING;MISSING;MISSING;MISSING;MISSING;MISSING
253;ST. PETER & ST. PAUL ROCKS;MISSING;MISSING;MISSING;MISSING;MISSING;MISSING;MISSING;MISSING;MISSING
254;LUXEMBOURG;MISSING;MISSING;MISSING;MISSING;MISSING;MISSING;MISSING;MISSING;MISSING
256;MADEIRA IS.;MISSING;MISSING;MISSING;MISSING;MISSING;MISSING;MISSING;MISSING;MISSING
257;MALTA;MISSING;MISSING;MISSING;MISSING;MISSING;MISSING;MISSING;MISSING;MISSING
259;SVALBARD;MISSING;MISSING;MISSING;MISSING;MISSING;MISSING;MISSING;MISSING;MISSING
260;MONACO;MISSING;MISSING;MISSING;MISSING;MISSING;MISSING;MISSING;MISSING;MISSING
262;TAJIKISTAN;MISSING;MISSING;MISSING;MISSING;MISSING;MISSING;MISSING;MISSING;MISSING
263;NETHERLANDS;MISSING;MISSING;MISSING;MISSING;MISSING;MISSING;MISSING;MISSING;MISSING
265;NORTHERN IRELAND;MISSING;MISSING;MISSING;MISSING;MISSING;MISSING;MISSING;MISSING;MISSING
266;NORWAY;MISSING;MISSING;MISSING;MISSING;MISSING;MISSING;MISSING;MISSING;MISSING
269;POLAND;MISSING;MISSING;MISSING;MISSING;MISSING;MISSING;MISSING;MISSING;MISSING
270;TOKELAU IS.;MISSING;MISSING;MISSING;MISSING;MISSING;MISSING;MISSING;MISSING;MISSING
272;PORTUGAL;MISSING;MISSING;MISSING;MISSING;MISSING;MISSING;MISSING;MISSING;MISSING
273;TRINDADE & MARTIM VAZ IS.;MISSING;MISSING;MISSING;MISSING;MISSING;MISSING;MISSING;MISSING;MISSING
274;TRISTAN DA CUNHA & GOUGH I.;MISSING;MISSING;MISSING;MISSING;MISSING;MISSING;MISSING;MISSING;MISSING
275;ROMANIA;MISSING;MISSING;MISSING;MISSING;MISSING;MISSING;MISSING;MISSING;MISSING
276;TROMELIN I.;MISSING;MISSING;MISSING;MISSING;MISSING;MISSING;MISSING;MISSING;MISSING
277;ST. PIERRE & MIQUELON;MISSING;MISSING;MISSING;MISSING;MISSING;MISSING;MISSING;MISSING;MISSING
278;SAN MARINO;MISSING;MISSING;MISSING;MISSING;MISSING;MISSING;MISSING;MISSING;MISSING
279;SCOTLAND;MISSING;MISSING;MISSING;MISSING;MISSING;MISSING;MISSING;MISSING;MISSING
280;TURKMENISTAN;MISSING;MISSING;MISSING;MISSING;MISSING;MISSING;MISSING;MISSING;MISSING
281;SPAIN;MISSING;MISSING;MISSING;MISSING;MISSING;MISSING;MISSING;MISSING;MISSING
282;TUVALU;MISSING;MISSING;MISSING;MISSING;MISSING;MISSING;MISSING;MISSING;MISSING
283;UK SOVEREIGN BASE AREAS ON CYPRUS;MISSING;MISSING;MISSING;MISSING;MISSING;MISSING;MISSING;MISSING;MISSING
284;SWEDEN;MISSING;MISSING;MISSING;MISSING;MISSING;MISSING;MISSING;MISSING;MISSING
285;VIRGIN IS.;MISSING;MISSING;MISSING;MISSING;MISSING;MISSING;MISSING;MISSING;MISSING
286;UGANDA;MISSING;MISSING;MISSING;MISSING;MISSING;MISSING;MISSING;MISSING;MISSING
287;SWITZERLAND;MISSING;MISSING;MISSING;MISSING;MISSING;MISSING;MISSING;MISSING;MISSING
288;UKRAINE;MISSING;MISSING;MISSING;MISSING;MISSING;MISSING;MISSING;MISSING;MISSING
289;UNITED NATIONS HQ;MISSING;MISSING;MISSING;MISSING;MISSING;MISSING;MISSING;MISSING;MISSING
291;UNITED STATES OF AMERICA;MISSING;MISSING;MISSING;MISSING;MISSING;MISSING;MISSING;MISSING;MISSING
292;UZBEKISTAN;MISSING;MISSING;MISSING;MISSING;MISSING;MISSING;MISSING;MISSING;MISSING
293;VIET NAM;MISSING;MISSING;MISSING;MISSING;MISSING;MISSING;MISSING;MISSING;MISSING
294;WALES;MISSING;MISSING;MISSING;MISSING;MISSING;MISSING;MISSING;MISSING;MISSING
295;VATICAN;MISSING;MISSING;MISSING;MISSING;MISSING;MISSING;MISSING;MISSING;MISSING
296;SERBIA;MISSING;MISSING;MISSING;MISSING;MISSING;MISSING;MISSING;MISSING;MISSING
297;WAKE I.;MISSING;MISSING;MISSING;MISSING;MISSING;MISSING;MISSING;MISSING;MISSING
298;WALLIS & FUTUNA IS.;MISSING;MISSING;MISSING;MISSING;MISSING;MISSING;MISSING;MISSING;MISSING
299;WEST MALAYSIA;MISSING;MISSING;MISSING;MISSING;MISSING;MISSING;MISSING;MISSING;MISSING
301;W. KIRIBATI (GILBERT IS. );MISSING;MISSING;MISSING;MISSING;MISSING;MISSING;MISSING;MISSING;MISSING
302;WESTERN SAHARA;MISSING;MISSING;MISSING;MISSING;MISSING;MISSING;MISSING;MISSING;MISSING
303;WILLIS I.;MISSING;MISSING;MISSING;MISSING;MISSING;MISSING;MISSING;MISSING;MISSING
304;BAHRAIN;MISSING;MISSING;MISSING;MISSING;MISSING;MISSING;MISSING;MISSING;MISSING
305;BANGLADESH;MISSING;MISSING;MISSING;MISSING;MISSING;MISSING;MISSING;MISSING;MISSING
306;BHUTAN;MISSING;MISSING;MISSING;MISSING;MISSING;MISSING;MISSING;MISSING;MISSING
308;COSTA RICA;MISSING;MISSING;MISSING;MISSING;MISSING;MISSING;MISSING;MISSING;MISSING
309;MYANMAR;MISSING;MISSING;MISSING;MISSING;MISSING;MISSING;MISSING;MISSING;MISSING
312;CAMBODIA;MISSING;MISSING;MISSING;MISSING;MISSING;MISSING;MISSING;MISSING;MISSING
315;SRI LANKA;MISSING;MISSING;MISSING;MISSING;MISSING;MISSING;MISSING;MISSING;MISSING
318;CHINA;MISSING;MISSING;MISSING;MISSING;MISSING;MISSING;MISSING;MISSING;MISSING
321;HONG KONG;MISSING;MISSING;MISSING;MISSING;MISSING;MISSING;MISSING;MISSING;MISSING
324;INDIA;MISSING;MISSING;MISSING;MISSING;MISSING;MISSING;MISSING;MISSING;MISSING
327;INDONESIA;MISSING;MISSING;MISSING;MISSING;MISSING;MISSING;MISSING;MISSING;MISSING
330;IRAN;MISSING;MISSING;MISSING;MISSING;MISSING;MISSING;MISSING;MISSING;MISSING
333;IRAQ;MISSING;MISSING;MISSING;MISSING;MISSING;MISSING;MISSING;MISSING;MISSING
336;ISRAEL;MISSING;MISSING;MISSING;MISSING;MISSING;MISSING;MISSING;MISSING;MISSING
339;JAPAN;MISSING;MISSING;MISSING;MISSING;MISSING;MISSING;MISSING;MISSING;MISSING
342;JORDAN;MISSING;MISSING;MISSING;MISSING;MISSING;MISSING;MISSING;MISSING;MISSING
344;DEMOCRATIC PEOPLE'S REP. OF KOREA;MISSING;MISSING;MISSING;MISSING;MISSING;MISSING;MISSING;MISSING;MISSING
345;BRUNEI DARUSSALAM;MISSING;MISSING;MISSING;MISSING;MISSING;MISSING;MISSING;MISSING;MISSING
348;KUWAIT;MISSING;MISSING;MISSING;MISSING;MISSING;MISSING;MISSING;MISSING;MISSING
354;LEBANON;MISSING;MISSING;MISSING;MISSING;MISSING;MISSING;MISSING;MISSING;MISSING
363;MONGOLIA;MISSING;MISSING;MISSING;MISSING;MISSING;MISSING;MISSING;MISSING;MISSING
369;NEPAL;MISSING;MISSING;MISSING;MISSING;MISSING;MISSING;MISSING;MISSING;MISSING
370;OMAN;MISSING;MISSING;MISSING;MISSING;MISSING;MISSING;MISSING;MISSING;MISSING
372;PAKISTAN;MISSING;MISSING;MISSING;MISSING;MISSING;MISSING;MISSING;MISSING;MISSING
375;PHILIPPINES;MISSING;MISSING;MISSING;MISSING;MISSING;MISSING;MISSING;MISSING;MISSING
376;QATAR;MISSING;MISSING;MISSING;MISSING;MISSING;MISSING;MISSING;MISSING;MISSING
378;SAUDI ARABIA;MISSING;MISSING;MISSING;MISSING;MISSING;MISSING;MISSING;MISSING;MISSING
379;SEYCHELLES;MISSING;MISSING;MISSING;MISSING;MISSING;MISSING;MISSING;MISSING;MISSING
381;SINGAPORE;MISSING;MISSING;MISSING;MISSING;MISSING;MISSING;MISSING;MISSING;MISSING
382;DJIBOUTI;MISSING;MISSING;MISSING;MISSING;MISSING;MISSING;MISSING;MISSING;MISSING
384;SYRIA;MISSING;MISSING;MISSING;MISSING;MISSING;MISSING;MISSING;MISSING;MISSING
386;TAIWAN;MISSING;MISSING;MISSING;MISSING;MISSING;MISSING;MISSING;MISSING;MISSING
387;THAILAND;MISSING;MISSING;MISSING;MISSING;MISSING;MISSING;MISSING;MISSING;MISSING
390;TURKEY;MISSING;MISSING;MISSING;MISSING;MISSING;MISSING;MISSING;MISSING;MISSING
391;UNITED ARAB EMIRATES;MISSING;MISSING;MISSING;MISSING;MISSING;MISSING;MISSING;MISSING;MISSING
400;ALGERIA;MISSING;MISSING;MISSING;MISSING;MISSING;MISSING;MISSING;MISSING;MISSING
401;ANGOLA;MISSING;MISSING;MISSING;MISSING;MISSING;MISSING;MISSING;MISSING;MISSING
402;BOTSWANA;MISSING;MISSING;MISSING;MISSING;MISSING;MISSING;MISSING;MISSING;MISSING
404;BURUNDI;MISSING;MISSING;MISSING;MISSING;MISSING;MISSING;MISSING;MISSING;MISSING
406;CAMEROON;MISSING;MISSING;MISSING;MISSING;MISSING;MISSING;MISSING;MISSING;MISSING
408;CENTRAL AFRICA;MISSING;MISSING;MISSING;MISSING;MISSING;MISSING;MISSING;MISSING;MISSING
409;CAPE VERDE;MISSING;MISSING;MISSING;MISSING;MISSING;MISSING;MISSING;MISSING;MISSING
410;CHAD;MISSING;MISSING;MISSING;MISSING;MISSING;MISSING;MISSING;MISSING;MISSING
411;COMOROS;MISSING;MISSING;MISSING;MISSING;MISSING;MISSING;MISSING;MISSING;MISSING
412;REPUBLIC OF THE CONGO;MISSING;MISSING;MISSING;MISSING;MISSING;MISSING;MISSING;MISSING;MISSING
414;DEMOCRATIC REPUBLIC OF THE CONGO;MISSING;MISSING;MISSING;MISSING;MISSING;MISSING;MISSING;MISSING;MISSING
416;BENIN;MISSING;MISSING;MISSING;MISSING;MISSING;MISSING;MISSING;MISSING;MISSING
420;GABON;MISSING;MISSING;MISSING;MISSING;MISSING;MISSING;MISSING;MISSING;MISSING
422;THE GAMBIA;MISSING;MISSING;MISSING;MISSING;MISSING;MISSING;MISSING;MISSING;MISSING
424;GHANA;MISSING;MISSING;MISSING;MISSING;MISSING;MISSING;MISSING;MISSING;MISSING
428;COTE D'IVOIRE;MISSING;MISSING;MISSING;MISSING;MISSING;MISSING;MISSING;MISSING;MISSING
430;KENYA;MISSING;MISSING;MISSING;MISSING;MISSING;MISSING;MISSING;MISSING;MISSING
432;LESOTHO;MISSING;MISSING;MISSING;MISSING;MISSING;MISSING;MISSING;MISSING;MISSING
434;LIBERIA;MISSING;MISSING;MISSING;MISSING;MISSING;MISSING;MISSING;MISSING;MISSING
436;LIBYA;MISSING;MISSING;MISSING;MISSING;MISSING;MISSING;MISSING;MISSING;MISSING
438;MADAGASCAR;MISSING;MISSING;MISSING;MISSING;MISSING;MISSING;MISSING;MISSING;MISSING
440;MALAWI;MISSING;MISSING;MISSING;MISSING;MISSING;MISSING;MISSING;MISSING;MISSING
442;MALI;MISSING;MISSING;MISSING;MISSING;MISSING;MISSING;MISSING;MISSING;MISSING
444;MAURITANIA;MISSING;MISSING;MISSING;MISSING;MISSING;MISSING;MISSING;MISSING;MISSING
446;MOROCCO;MISSING;MISSING;MISSING;MISSING;MISSING;MISSING;MISSING;MISSING;MISSING
450;NIGERIA;MISSING;MISSING;MISSING;MISSING;MISSING;MISSING;MISSING;MISSING;MISSING
452;ZIMBABWE;MISSING;MISSING;MISSING;MISSING;MISSING;MISSING;MISSING;MISSING;MISSING
453;REUNION I.;MISSING;MISSING;MISSING;MISSING;MISSING;MISSING;MISSING;MISSING;MISSING
454;RWANDA;MISSING;MISSING;MISSING;MISSING;MISSING;MISSING;MISSING;MISSING;MISSING
456;SENEGAL;MISSING;MISSING;MISSING;MISSING;MISSING;MISSING;MISSING;MISSING;MISSING
458;SIERRA LEONE;MISSING;MISSING;MISSING;MISSING;MISSING;MISSING;MISSING;MISSING;MISSING
460;ROTUMA I.;MISSING;MISSING;MISSING;MISSING;MISSING;MISSING;MISSING;MISSING;MISSING
462;SOUTH AFRICA;MISSING;MISSING;MISSING;MISSING;MISSING;MISSING;MISSING;MISSING;MISSING
464;NAMIBIA;MISSING;MISSING;MISSING;MISSING;MISSING;MISSING;MISSING;MISSING;MISSING
466;SUDAN;MISSING;MISSING;MISSING;MISSING;MISSING;MISSING;MISSING;MISSING;MISSING
468;SWAZILAND;MISSING;MISSING;MISSING;MISSING;MISSING;MISSING;MISSING;MISSING;MISSING
470;TANZANIA;MISSING;MISSING;MISSING;MISSING;MISSING;MISSING;MISSING;MISSING;MISSING
474;TUNISIA;MISSING;MISSING;MISSING;MISSING;MISSING;MISSING;MISSING;MISSING;MISSING
478;EGYPT;MISSING;MISSING;MISSING;MISSING;MISSING;MISSING;MISSING;MISSING;MISSING
480;BURKINA FASO;MISSING;MISSING;MISSING;MISSING;MISSING;MISSING;MISSING;MISSING;MISSING
482;ZAMBIA;MISSING;MISSING;MISSING;MISSING;MISSING;MISSING;MISSING;MISSING;MISSING
483;TOGO;MISSING;MISSING;MISSING;MISSING;MISSING;MISSING;MISSING;MISSING;MISSING
489;CONWAY REEF;MISSING;MISSING;MISSING;MISSING;MISSING;MISSING;MISSING;MISSING;MISSING
490;BANABA I. (OCEAN I.);MISSING;MISSING;MISSING;MISSING;MISSING;MISSING;MISSING;MISSING;MISSING
492;YEMEN;MISSING;MISSING;MISSING;MISSING;MISSING;MISSING;MISSING;MISSING;MISSING
497;CROATIA;MISSING;MISSING;MISSING;MISSING;MISSING;MISSING;MISSING;MISSING;MISSING
499;SLOVENIA;MISSING;MISSING;MISSING;MISSING;MISSING;MISSING;MISSING;MISSING;MISSING
501;BOSNIA-HERZEGOVINA;MISSING;MISSING;MISSING;MISSING;MISSING;MISSING;MISSING;MISSING;MISSING
502;MACEDONIA;MISSING;MISSING;MISSING;MISSING;MISSING;MISSING;MISSING;MISSING;MISSING
503;CZECH REPUBLIC;MISSING;MISSING;MISSING;MISSING;MISSING;MISSING;MISSING;MISSING;MISSING
504;SLOVAK REPUBLIC;MISSING;MISSING;MISSING;MISSING;MISSING;MISSING;MISSING;MISSING;MISSING
505;PRATAS I.;MISSING;MISSING;MISSING;MISSING;MISSING;MISSING;MISSING;MISSING;MISSING
506;SCARBOROUGH REEF;MISSING;MISSING;MISSING;MISSING;MISSING;MISSING;MISSING;MISSING;MISSING
507;TEMOTU PROVINCE;MISSING;MISSING;MISSING;MISSING;MISSING;MISSING;MISSING;MISSING;MISSING
508;AUSTRAL I.;MISSING;MISSING;MISSING;MISSING;MISSING;MISSING;MISSING;MISSING;MISSING
509;MARQUESAS IS.;MISSING;MISSING;MISSING;MISSING;MISSING;MISSING;MISSING;MISSING;MISSING
510;PALESTINE;MISSING;MISSING;MISSING;MISSING;MISSING;MISSING;MISSING;MISSING;MISSING
511;TIMOR-LESTE;MISSING;MISSING;MISSING;MISSING;MISSING;MISSING;MISSING;MISSING;MISSING
512;CHESTERFIELD IS.;MISSING;MISSING;MISSING;MISSING;MISSING;MISSING;MISSING;MISSING;MISSING
513;DUCIE I.;MISSING;MISSING;MISSING;MISSING;MISSING;MISSING;MISSING;MISSING;MISSING
514;MONTENEGRO;MISSING;MISSING;MISSING;MISSING;MISSING;MISSING;MISSING;MISSING;MISSING
515;SWAINS I.;MISSING;MISSING;MISSING;MISSING;MISSING;MISSING;MISSING;MISSING;MISSING
516;SAINT BARTHELEMY;MISSING;MISSING;MISSING;MISSING;MISSING;MISSING;MISSING;MISSING;MISSING
517;CURACAO;MISSING;MISSING;MISSING;MISSING;MISSING;MISSING;MISSING;MISSING;MISSING
518;ST MAARTEN;MISSING;MISSING;MISSING;MISSING;MISSING;MISSING;MISSING;MISSING;MISSING
519;SABA & ST. EUSTATIUS;MISSING;MISSING;MISSING;MISSING;MISSING;MISSING;MISSING;MISSING;MISSING
520;BONAIRE;MISSING;MISSING;MISSING;MISSING;MISSING;MISSING;MISSING;MISSING;MISSING
521;SOUTH SUDAN (REPUBLIC OF);MISSING;MISSING;MISSING;MISSING;MISSING;MISSING;MISSING;MISSING;MISSING
522;REPUBLIC OF KOSOVO;MISSING;MISSING;MISSING;MISSING;MISSING;MISSING;MISSING;MISSING;MISSING
